{"cameraMode":{"drawMode":0,"name":"Shaded","section":"Shading Mode"},"sceneLighting":true,"audioPlay":false,"sceneViewState":{"showFog":true,"showMaterialUpdate":false,"showSkybox":true,"showFlares":true,"showImageEffects":true,"showParticleSystems":true,"showVisualEffectGraphs":true,"m_FxEnabled":true},"in2DMode":false,"pivot":{"x":-39.59519577026367,"y":48.559261322021487,"z":-23.6981201171875},"rotation":{"x":-0.18788336217403413,"y":0.006761700380593538,"z":-0.0012796970549970866,"w":-0.9821734428405762},"size":15.109151840209961,"orthographic":false}