{"cameraMode":{"drawMode":0,"name":"Shaded","section":"Shading Mode"},"sceneLighting":true,"audioPlay":false,"sceneViewState":{"showFog":true,"showMaterialUpdate":false,"showSkybox":true,"showFlares":true,"showImageEffects":true,"showParticleSystems":true},"in2DMode":false,"pivot":{"x":-106.52117156982422,"y":-45.210609436035159,"z":18.426755905151368},"rotation":{"x":0.1418495774269104,"y":-0.6601165533065796,"z":0.12898775935173036,"w":0.7263476252555847},"size":148.88375854492188,"orthographic":false}