{"cameraMode":{"drawMode":0,"name":"Shaded","section":"Shading Mode"},"sceneLighting":false,"audioPlay":false,"sceneViewState":{"showFog":true,"showMaterialUpdate":false,"showSkybox":false,"showFlares":true,"showImageEffects":true,"showParticleSystems":true},"in2DMode":false,"pivot":{"x":-2.8065409660339357,"y":0.8433299660682678,"z":-0.3305518329143524},"rotation":{"x":0.145029678940773,"y":0.6339972615242004,"z":-0.12267368286848068,"w":0.7496726512908936},"size":2.8578836917877199,"orthographic":false}