{"cameraMode":{"drawMode":0,"name":"Shaded","section":"Shading Mode"},"sceneLighting":true,"audioPlay":false,"sceneViewState":{"showFog":true,"showMaterialUpdate":false,"showSkybox":true,"showFlares":true,"showImageEffects":true,"showParticleSystems":true},"in2DMode":false,"pivot":{"x":668.909423828125,"y":-182.56201171875,"z":59.47483825683594},"rotation":{"x":0.10496915131807327,"y":0.6914454102516174,"z":-0.10259398818016052,"w":0.707374632358551},"size":672.096435546875,"orthographic":false}