{"cameraMode":{"drawMode":0,"name":"Shaded","section":"Shading Mode"},"sceneLighting":true,"audioPlay":false,"sceneViewState":{"showFog":true,"showMaterialUpdate":false,"showSkybox":true,"showFlares":true,"showImageEffects":true,"showParticleSystems":true},"in2DMode":false,"pivot":{"x":-286.4252624511719,"y":-51.12835693359375,"z":-27.922931671142579},"rotation":{"x":-0.15957137942314149,"y":0.6047627925872803,"z":-0.1253073662519455,"w":-0.770129919052124},"size":198.9947052001953,"orthographic":false}