{"cameraMode":{"drawMode":0,"name":"Shaded","section":"Shading Mode"},"sceneLighting":false,"audioPlay":false,"sceneViewState":{"showFog":true,"showMaterialUpdate":false,"showSkybox":false,"showFlares":true,"showImageEffects":true,"showParticleSystems":true},"in2DMode":false,"pivot":{"x":7.862654685974121,"y":1.5914500951766968,"z":1.3241820335388184},"rotation":{"x":0.07932792603969574,"y":0.705152690410614,"z":-0.07987576723098755,"w":0.7000960111618042},"size":20.69089698791504,"orthographic":false}