{"cameraMode":{"drawMode":0,"name":"Shaded","section":"Shading Mode"},"sceneLighting":false,"audioPlay":false,"sceneViewState":{"showFog":true,"showMaterialUpdate":false,"showSkybox":false,"showFlares":true,"showImageEffects":true,"showParticleSystems":true},"in2DMode":false,"pivot":{"x":3.3616132736206056,"y":-0.5088930130004883,"z":1.5892237424850464},"rotation":{"x":0.061211246997117999,"y":0.6975118517875671,"z":-0.05999153479933739,"w":0.7114647626876831},"size":17.466827392578126,"orthographic":false}