{"cameraMode":{"drawMode":0,"name":"Shaded","section":"Shading Mode"},"sceneLighting":false,"audioPlay":false,"sceneViewState":{"showFog":true,"showMaterialUpdate":false,"showSkybox":false,"showFlares":true,"showImageEffects":true,"showParticleSystems":true},"in2DMode":false,"pivot":{"x":-1.6149870157241822,"y":-0.7439860701560974,"z":2.0498344898223879},"rotation":{"x":-0.23475995659828187,"y":0.21314877271652223,"z":-0.052830975502729419,"w":-0.9469478130340576},"size":9.196548461914063,"orthographic":false}