{"cameraMode":{"drawMode":0,"name":"Shaded","section":"Shading Mode"},"sceneLighting":false,"audioPlay":false,"sceneViewState":{"showFog":true,"showMaterialUpdate":false,"showSkybox":false,"showFlares":true,"showImageEffects":true,"showParticleSystems":true},"in2DMode":false,"pivot":{"x":-3.340898036956787,"y":5.872968673706055,"z":-0.8385806083679199},"rotation":{"x":0.1181110143661499,"y":0.7106360793113709,"z":-0.1229337528347969,"w":0.6826289892196655},"size":9.47852897644043,"orthographic":false}