{"cameraMode":{"drawMode":0,"name":"Shaded","section":"Shading Mode"},"sceneLighting":false,"audioPlay":false,"sceneViewState":{"showFog":true,"showMaterialUpdate":false,"showSkybox":false,"showFlares":true,"showImageEffects":true,"showParticleSystems":true},"in2DMode":false,"pivot":{"x":155.1063690185547,"y":61.77086639404297,"z":146.32752990722657},"rotation":{"x":0.19779051840305329,"y":-0.7683601975440979,"z":0.2816044092178345,"w":0.5396629571914673},"size":30.251182556152345,"orthographic":false}