{"cameraMode":{"drawMode":0,"name":"Shaded","section":"Shading Mode"},"sceneLighting":false,"audioPlay":false,"sceneViewState":{"showFog":true,"showMaterialUpdate":false,"showSkybox":false,"showFlares":true,"showImageEffects":true,"showParticleSystems":true},"in2DMode":false,"pivot":{"x":0.002765931189060211,"y":3.608705997467041,"z":3.794677495956421},"rotation":{"x":-0.007459783926606178,"y":0.9251635074615479,"z":-0.3793294131755829,"w":-0.018054600805044175},"size":7.200790882110596,"orthographic":false}