{"cameraMode":{"drawMode":0,"name":"Shaded","section":"Shading Mode"},"sceneLighting":false,"audioPlay":false,"sceneViewState":{"showFog":true,"showMaterialUpdate":false,"showSkybox":false,"showFlares":true,"showImageEffects":true,"showParticleSystems":true},"in2DMode":false,"pivot":{"x":55.35393142700195,"y":21.446989059448243,"z":-4.623167991638184},"rotation":{"x":0.08821983635425568,"y":-0.3612988293170929,"z":0.0343543104827404,"w":0.9276867508888245},"size":29.407394409179689,"orthographic":false}