{"cameraMode":{"drawMode":0,"name":"Shaded","section":"Shading Mode"},"sceneLighting":false,"audioPlay":false,"sceneViewState":{"showFog":true,"showMaterialUpdate":false,"showSkybox":false,"showFlares":true,"showImageEffects":true,"showParticleSystems":true},"in2DMode":false,"pivot":{"x":0.09640739113092423,"y":-0.06119277700781822,"z":0.0035886012483388187},"rotation":{"x":-0.022186005488038064,"y":-0.03391649201512337,"z":0.0007668408798053861,"w":-0.9992017149925232},"size":22.0,"orthographic":false}