{"cameraMode":{"drawMode":0,"name":"Shaded","section":"Shading Mode"},"sceneLighting":true,"audioPlay":false,"sceneViewState":{"showFog":true,"showMaterialUpdate":false,"showSkybox":true,"showFlares":true,"showImageEffects":true,"showParticleSystems":true},"in2DMode":false,"pivot":{"x":452.73175048828127,"y":-168.93360900878907,"z":276.7088623046875},"rotation":{"x":-0.13674096763134004,"y":-0.48676368594169619,"z":0.07745938748121262,"w":-0.8592873811721802},"size":568.0274658203125,"orthographic":false}