{"cameraMode":{"drawMode":0,"name":"Shaded","section":"Shading Mode"},"sceneLighting":true,"audioPlay":false,"sceneViewState":{"showFog":true,"showMaterialUpdate":false,"showSkybox":true,"showFlares":true,"showImageEffects":true,"showParticleSystems":true},"in2DMode":false,"pivot":{"x":-313.3145751953125,"y":-138.65438842773438,"z":409.4034118652344},"rotation":{"x":-0.18181057274341584,"y":0.2794422507286072,"z":-0.0539768747985363,"w":-0.9412451982498169},"size":784.0695190429688,"orthographic":false}