{"cameraMode":{"drawMode":0,"name":"Shaded","section":"Shading Mode"},"sceneLighting":false,"audioPlay":false,"sceneViewState":{"showFog":true,"showMaterialUpdate":false,"showSkybox":false,"showFlares":true,"showImageEffects":true,"showParticleSystems":true},"in2DMode":false,"pivot":{"x":9.533270835876465,"y":0.9087856411933899,"z":-0.9608363509178162},"rotation":{"x":0.08020549267530441,"y":0.7234206199645996,"z":-0.08524429798126221,"w":0.6804512143135071},"size":20.690895080566408,"orthographic":false}