{"cameraMode":{"drawMode":0,"name":"Shaded","section":"Shading Mode"},"sceneLighting":false,"audioPlay":false,"sceneViewState":{"showFog":true,"showMaterialUpdate":false,"showSkybox":false,"showFlares":true,"showImageEffects":true,"showParticleSystems":true},"in2DMode":false,"pivot":{"x":-1.0394365787506104,"y":0.11679112911224365,"z":-2.9754228591918947},"rotation":{"x":-0.04210282862186432,"y":0.7582666277885437,"z":-0.04921168088912964,"w":-0.6487232446670532},"size":9.37840461730957,"orthographic":false}