{"cameraMode":{"drawMode":0,"name":"Shaded","section":"Shading Mode"},"sceneLighting":true,"audioPlay":false,"sceneViewState":{"showFog":true,"showMaterialUpdate":false,"showSkybox":true,"showFlares":true,"showImageEffects":true,"showParticleSystems":true},"in2DMode":false,"pivot":{"x":68.92521667480469,"y":-29.79363250732422,"z":-323.2034912109375},"rotation":{"x":0.005035695619881153,"y":0.9933165311813355,"z":-0.04773066192865372,"w":0.10557228326797486},"size":340.8821716308594,"orthographic":false}